{"cameraMode":{"drawMode":0,"name":"Shaded","section":"Shading Mode"},"sceneLighting":true,"audioPlay":false,"sceneViewState":{"m_AlwaysRefresh":false,"showFog":true,"showSkybox":true,"showFlares":true,"showImageEffects":true,"showParticleSystems":true,"showVisualEffectGraphs":true,"m_FxEnabled":true},"in2DMode":false,"pivot":{"x":40.473018646240237,"y":10.264891624450684,"z":193.0883331298828},"rotation":{"x":0.04218684136867523,"y":0.7090324759483337,"z":-0.04260389506816864,"w":0.7026704549789429},"size":0.8597749471664429,"orthographic":false}