{"cameraMode":{"drawMode":0,"name":"Shaded","section":"Shading Mode"},"sceneLighting":true,"audioPlay":false,"sceneViewState":{"m_AlwaysRefresh":false,"showFog":true,"showSkybox":true,"showFlares":true,"showImageEffects":true,"showParticleSystems":true,"showVisualEffectGraphs":true,"m_FxEnabled":true},"in2DMode":false,"pivot":{"x":56.810001373291019,"y":11.140000343322754,"z":177.27999877929688},"rotation":{"x":0.34316006302833559,"y":-0.30327245593070986,"z":0.1181158721446991,"w":0.8810887932777405},"size":17.91446876525879,"orthographic":false}